Year,Month,Fleet,Sex,Nsamps,4,5,6,7,8,9,10,11,12,13,14,15,16,17,18,19,20,21,22,23,24,25,26,27,28,29,30,31,32,33,34,35,36,37,38,39,40,41,42,43,44,45,46,47,48,49,50,51,52,53,54,55,56,57,58,59,60,61,62,63,64,65,66,67,68,69,70,71,72,73,74,75,76,77,78,79
2003,7,1,1,50,0,0,0,68.7773913,0,68.7773913,0,393.7893494,8635.958156,72577.34217,136185.5695,154069.1134,122815.9945,89592.89463,64075.66546,68989.58198,96304.08671,112715.5555,109978.2779,102603.1653,85027.26368,77292.80805,64107.49256,51074.34317,41650.54194,44266.09032,36828.80283,38498.24143,25502.90772,38540.01941,30062.47127,32962.22248,14425.49411,17988.47034,14353.14946,11357.02588,11857.5359,5243.615587,11326.5,4955,6318.5,3298,1482,3714.5,3111.5,5306.5,2747,1339,287,502.5,865,470,1214,3254,536,1387,443,760,884,447,0,0,0,0,0,224,221,0,0,0,0,0,0,161,0,0
2004,7,1,1,50,9605.564236,144097.943,595592.0409,1472333.517,2267829.244,2361858.409,2653382.63,3243154.966,3279195.611,3207646.439,3087132.29,3389082.878,2458585.665,1336741.217,323958.1789,295993.7248,380819.2557,411398.431,428013.9093,382319.6374,408078.519,255972.4821,298659.4921,402548.4505,468383.6765,489115.9181,576122.2099,352266.4701,303707.0697,203801.2193,154737.249,150692.3965,103986.7294,113855.8289,47920.02714,47133.82752,51174.67975,35210.34161,61720,40145.5,17086,35410.5,11849,28025.5,31578.5,16762,23856,3219,0,12527.5,3348,8931.5,6731,1000,597,0,429,7813,0,891,171,0,891,0,0,0,2141,0,0,0,0,0,0,0,0,0
2005,7,1,1,50,0,0,17939.00529,88483.40672,168840.7388,268552.4425,453151.995,608928.6493,562713.6036,463286.3177,365680.857,355503.8716,236796.1627,207623.1721,81606.36326,82675.89321,77167.29396,65791.57586,68731.17817,58543.96593,41256.56901,52816.92702,60830.34981,88913.30799,99149.17369,85190.47758,71246.302,56636.35127,73984.45402,73263.794,48496.96724,32872.9887,31544.3203,22184.58111,13474.19002,19020.00427,3546.43308,17372.28397,5564,7694,8687,6178,8608,10740,3324,2370,4115,1869,3912,1556,1245,67,1012,998,0,82,17,74,0,0,0,0,56,0,0,0,0,0,0,0,0,0,0,0,0,0
2006,7,1,1,50,0,85561.01399,261411.8755,679729.8024,1560541.944,1813930.005,2132245.347,3904621.914,3792670.42,3481152.664,2926875.28,2382035.395,1694132.847,1110047.574,736158.6863,639034.7998,595594.296,539268.0353,458245.7574,434900.2984,317549.1556,398472.0034,427086.3366,411339.2845,410520.3382,216063.5634,338001.0249,184740.1607,306599.8359,302439.8252,278945.5362,319019.9638,274783.4208,266205.981,146969.3833,132579.1712,83058.10366,130702.7332,100261,87539,69396,41062,70491,57026,86479,51714,58865.5,37166,43195.5,12104.5,5861.5,8046.5,16046,2130,5554,3377,2814.5,0,0,0,162,0,4907,0,162,0,0,0,0,361,0,0,0,0,0,0
2007,7,1,1,50,0,2541.9193,46681.74938,164115.5252,411931.4549,906232.8855,1507835.579,1810323.2,1700238.004,1785856.677,1650163.668,1498241.392,1013057.619,769015.9137,331074.2025,307946.3815,336616.3405,290148.9062,304030.3021,298545.8978,347255.9791,308574.8924,176691.0197,227722.5614,267753.6862,236934.7225,194794.1366,292126.8607,280584.6274,228831.9435,203538.7434,237217.4256,282115.7885,226488.6993,203610.1419,155638.5152,175312.4618,123247.9132,119767,67364,71051.5,45288.5,44707.5,41536,13681,82000.5,25821.5,15321,18603.5,25080,18169,16890.5,12674,7192,6011,4810,2464,9068,2312,4266,0,0,0,0,0,0,0,0,0,0,0,0,0,0,2220,1923
2008,7,1,1,50,0,35122.23497,60214.86464,358301.5083,799816.8083,1609362.902,2342558.336,2000139.492,2393619.731,2015285.385,1968944.937,1706977.671,1338480.949,973200.7333,568426.7864,539174.0793,463155.1085,511573.1624,473103.1293,575278.6248,521599.455,494652.2161,453070.3726,472357.1417,491476.6781,469619.8912,366624.2683,380261.5477,331979.9113,258573.7167,241391.6964,179956.0168,163518.0596,150479.2717,79571.65316,58983.71456,58664.72311,70870.83347,68073,38848.5,20551.5,31651.5,21594,16751,12152,20133.5,13629.5,8868,12746.5,13963,17554,6132,6386.5,11021,8339,4554,3119,2557.5,1259,0,0,656,935,0,0,400.5,1528,0,0,0,0,0,0,0,0,0
2009,7,1,1,50,0,0,2421.946708,170061.1496,508627.9422,460012.1519,814814.5458,1188228.205,1795011.569,2365570.191,1973229.045,1761760.027,1376717.3,1135747.953,791951.2034,1002496.61,903708.8304,975301.9377,942268.9942,810132.7426,838588.6756,722095.6396,527419.3536,494111.34,478650.6949,435853.3401,320239.3385,276005.8408,339705.5102,270024.654,199194.1557,251158.1339,114789.0283,89965.06922,181714.1049,76321.1429,97031.65207,65318.65503,78655,35062,13319,34941,22946,35937,4543,15043,15792,25445,12017,10256,13900,11127,3288,11974,14699,20554,397,7137,6119,12612,5347,4859,26851,0,575,20554,578,575,0,0,0,0,0,0,0,0
2010,7,1,1,50,0,22433.58196,235868.7022,418322.4518,761304.4426,913570.6058,945693.7845,798874.4804,878459.2304,726900.7504,629447.5824,526237.7986,394884.6165,417143.1522,271919.2916,338177.7146,481000.3397,468869.8866,524459.0975,659710.5727,535341.5558,637766.5748,463794.7669,381843.0724,353123.6827,399972.7348,427237.8695,298805.321,225849.7585,241953.9749,217983.7078,265202.7949,149904.2098,99088.03687,168338.4272,94107.5475,140113.2395,58129.9217,69085,71187,48644,34703,30386,15235,16302,16795,15898,5876,6450,4963,13603,1509,5155,477,15606,3515,11695,5196,1949,524,3506,3983,0,0,0,0,0,0,0,0,0,0,0,1053,0,0
2011,7,1,1,50,0,0,0,0,698.1163779,2063.063177,42465.64358,77234.94194,202980.4396,299109.2549,376547.4263,327853.8089,381667.4635,378302.5426,362999.9624,447271.5176,586866.1735,686593.3624,793599.7444,695893.9624,653052.9493,516215.4193,552419.3666,449677.766,412757.0866,331116.0442,434791.7038,332574.4324,371112.9308,341612.5076,339490.5006,287027.3537,185049.2964,203495.754,159744.901,120343.9652,125110.8176,132016.0782,91459,86916,50887,53910,43589,39593,30507,14693,23219,12404,9037,6361,5583,4550,3234,998,2782,2547,563,985,3381,2183,0,1693,0,0,0,4131,0,0,0,0,0,0,0,0,0,0
2012,7,1,1,50,0,0,890.2276626,3748.367826,11395.8449,36991.37693,94378.61168,117764.4761,145738.2579,203868.5988,356444.7773,333762.4591,271322.1546,449108.3498,475468.2035,587967.5421,643926.7387,539280.4664,509344.7205,585282.8172,492706.6088,430246.9724,382973.1482,333909.2548,297011.9978,255872.4193,287998.3477,224251.492,258168.7921,196831.3517,213649.9478,164966.5816,165926.8255,132242.3287,71664.36568,89843.47859,80212.31446,57787.18258,54195,41378,48736,26721,24857,31427,15540,19225,3430,7538,14311,770,5055,3742,2744,555,1445,10530,587,1525,1719,1594,0,0,0,0,0,983,0,0,0,0,0,0,0,0,0,0
2013,7,1,1,50,1099.662576,0,0,0,139.8818372,4688.497881,14100.39946,45543.30256,109470.595,148016.4444,215554.5498,250067.0965,298609.7138,368924.5125,318767.3,341064.5485,551414.2198,491174.3537,598725.2651,731555.2794,558019.793,836709.3761,686071.0638,572558.2076,396964.9421,303211.5822,322333.8863,302182.5626,221946.5143,309417.1825,241151.2328,196001.5384,145597.869,168308.2463,145204.2912,86243.95243,81316.44765,53557.13738,37273,27752,32362,15800,21251,22700,17426,9658,33373,5373,2733,5344,5196,2585,2645,2364,756,611,76,205,0,336,1033,1574,0,0,0,46,0,7,0,0,0,0,0,0,0,0
2014,7,1,1,50,0,0,1475.352612,7007.537064,7807.526721,6746.648388,68003.51637,175111.8924,283621.1552,243946.9429,259516.7481,229262.1942,160979.6898,161409.4192,146177.4481,204010.7403,266457.4481,280852.4385,314184.4221,358183.3529,409292.9107,455593.6199,478428.2397,396600.4104,427191.6733,340167.4619,331944.2578,287391.12,247156.6787,257998.7687,253325.1012,230229.5926,187429.559,186430.1819,143026.4994,128775.6526,92890.90983,68304.68416,64065,48427,40114,33328,19686,13247,22114,8124,11119,4203,8298,10237,2572,1573,6496,754,307,526,111,2306,382,129,281,0,0,0,362,992,0,0,139,0,0,0,0,0,0,0
2015,7,1,1,50,0,0,0,0,980.2071068,32299.77631,68952.69608,82672.49284,115317.4489,154645.4472,131769.4663,147677.2115,172163.7728,165125.4669,128839.5469,195682.5379,237773.9416,239754.4581,289094.6104,341706.5591,314149.107,272466.5214,316686.0537,271125.1198,225838.9977,234743.1642,234840.3866,205088.7235,204126.8347,168132.4152,155122.9834,147768.3803,109260.3147,101640.9154,81274.5773,69768.30775,49403.4054,42954.68337,43156,44319,22830,20687,16907,11822,20090,6411,7142,6206,3048,1367,1304,6079,911,203,3356,4229,335,383,0,0,279,0,0,0,0,0,0,0,0,0,0,0,0,0,0,0
2016,7,1,1,50,0,133.159235,0,19.90924485,1793.383406,28701.37422,76100.11498,106732.4274,174194.5157,222364.8044,276088.7381,305640.2629,326578.3244,344173.1842,310705.1624,312228.5267,427592.5734,441028.864,338022.6633,455664.6976,317029.4109,383300.1266,330711.2655,316303.188,275318.69,197161.9849,175892.1292,164175.0974,158725.0851,141473.3326,106930.9945,90719.4767,79852.3432,70674.12912,60942.78206,47364.82605,36235.37896,34446.7462,31452,21935,17554,10244,16054,6134,9427,2659,5574,6902,6083,2768,2424,990,1838,1846,927,521,1184,0,0,302,0,0,0,0,82,0,0,0,0,0,0,0,0,0,0,0
2017,7,1,1,50,0,0,0,0,0,1261.005028,4006.929447,11152.53842,30435.54702,50342.98194,83452.05612,109713.1258,159618.6214,225929.852,209814.5404,287612.2361,397312.9369,431151.1571,395425.1171,344959.7115,322322.1242,342097.4681,316664.2,296079.1923,257337.5984,234642.3337,211778.1875,168903.401,164526.881,157286.3849,153948.1852,114488.7799,88972.47776,62053.78606,71111.54897,37190.28117,32749.15367,28050.90223,25248,20596,16203,11806,18961,12464,11382,5939,8619,5615,5006,5846,3434,1517,4611,2518,409,163,527,392,353,0,0,205,176,0,71,0,939,0,0,0,0,0,0,0,0,0
2018,7,1,1,50,0,0,0,0,1059.844086,1227.90914,6945.740836,18236.86828,40009.56674,69342.86557,103482.3078,168446.6909,210881.3071,275140.334,307960.0313,471617.9231,620210.8654,630812.5402,632945.0439,602616.0747,563905.9333,547701.6052,528694.1521,417154.7796,373788.7307,263873.394,273623.1769,232359.5163,265622.6191,189590.9722,172423.736,168058.486,114313.3496,109433.0165,95117.94941,68255.00214,48388.6128,44036.60629,49461,38857,45709,19358,22917,18142,14627,10342,8518,13087,5960,6160,5253,1029,554,1288,160,443,0,0,418,0,0,0,0,0,0,0,115,3,0,0,0,0,2,0,0,0
2019,7,1,1,50,0,0,0,0,0,0,413.9571559,1676.772115,5464.182746,12708.04513,14177.70939,21371.41082,33610.16661,43036.54764,64814.1444,94395.91582,146068.3053,211452.4758,244134.3763,304676.8387,301686.149,326807.4277,336631.794,313756.4773,305390.3324,214981.1405,172840.1869,187832.3159,159069.1869,188115.0521,203822.9687,159768.0239,105055.8383,98982.96845,93401.15703,51454.31987,49301.44059,51562.21994,41485,35981,34061,27812,40667,33366,10498,6668,8094,11317,8740,4906,3626,496,407,318,110,86,322,121,6,144,330,0,427,185,0,0,0,0,0,0,0,104,0,0,104,0
2020,7,1,1,50,0,0,0,0,0,377.4999673,1843.673642,11433.33634,22092.28062,29354.3716,53914.75218,61248.07688,86821.24333,99698.25848,119316.7529,156817.0996,179059.1368,224412.7665,220664.7219,238246.049,235624.7309,241716.6494,221466.7999,222754.4313,218906.3878,154587.439,149219.7056,196487.7889,153198.9129,122837.0874,111354.5336,58377.29101,58866.87527,66423.11774,41048.07546,42181.10328,33600.80258,14795.88179,16474.5,16671.5,13719.5,16853,13418,11989.5,13923.5,4280.5,6883,1987.5,2747,1126.5,1933,607,990.5,113.5,111.5,1725.5,25,214,59.5,510,27.5,0,0,0,0,0,0,0,183,0,0,52,0,0,52,0
2021,7,1,1,50,0,0,0,0,0,0,389.6523635,1572.571782,3496.011683,5357.138234,13908.8053,33908.28816,60268.90402,98531.36989,136619.9611,280746.1994,419360.1157,435468.7901,429133.9798,408157.8353,361616.8118,354169.4826,330172.2079,301919.7456,253756.3933,212938.1944,197270.7711,154714.3584,157132.1163,146601.6043,103314.5651,86105.07833,75905.79866,68007.66306,39338.93452,40495.63384,36295.58675,25523.81152,20407,26840,14073,7976,9491,7995,8627,9626,9273,3502,6102,3825,4558,2747,3939,1842,1898,3563,7125,3379,113,2257,0,1015,0,0,421,513,1581,0,0,0,0,0,0,0,0,0
2022,7,1,1,50,0,0,0,0,0,167.0308074,1163.268735,606.8441255,1234.114619,3755.34899,6530.490872,15301.67676,33273.00225,42401.26174,72640.53724,143440.5149,273192.0703,336888.6028,366288.9733,364121.3252,364859.8206,335138.5147,294500.9173,263842.3976,259278.6867,232674.6342,235400.2525,217374.7107,173095.1869,150930.6763,128448.2077,129661.2824,99302.83614,95145.6048,71758.09585,51989.61918,40959.74833,36901.57852,29361,18055,10372,11641,7161,9264,8391,4723,4985,2026,3498,762,2044,1423,1702,499,2413,2688,747,886,2087,59,0,0,0,0,238,0,0,0,859,0,0,0,0,0,0,0
2023,7,1,1,50,0,0,0,0,0,2742.563118,3936.083563,4509.573239,5526.496096,4783.131435,7197.062732,16468.04823,23356.12983,49275.381,70808.08123,137823.0055,222386.2187,256606.3637,256491.1212,235042.9011,219938.6111,193058.3638,160063.7013,147863.5289,137872.5035,113442.5791,106156.7524,103101.3133,106531.1769,85932.91615,71788.10766,69444.11963,58413.15816,51720.16521,41584.63286,38275.34734,35420.6316,25446.6708,18228,16554,18729,11828,8245,6143,8126,5082,5396,1823,2810,3662,4137,4228,4594,858,460,320,3027,69,157,0,0,0,88,0,0,0,0,551,0,0,0,0,0,0,0,0
2003,7,1,2,50,0,0,0,197.2226087,0,197.2226087,0,1129.210651,24764.04184,208119.1578,390518.9305,441800.8866,352181.0055,256912.1054,242515.8345,210664.918,236810.9133,222770.9445,174376.2221,130285.3347,86337.73632,62688.19195,41498.00744,26378.15683,17163.95806,14561.90968,9678.697174,8090.758568,4291.092279,5198.480589,3255.028726,2868.777522,1010.50589,1015.529656,653.850541,417.9741235,352.9640951,126.3844126,0,0,0,0,0,0,0,0,0,0,0,0,0,0,0,0,0,0,0,0,0,0,0,0,0,0,0,0,0,0,0,0,0,0,0,0,0,0
2004,7,1,2,50,27544.43576,413208.057,1707889.959,4222187.206,6503113.756,6772944.313,7608707.37,9301038.245,9428021.43,9406205.718,9243025.141,10160165.51,7402298.34,4090084.388,1468644.156,1114504.193,1173242.158,1035858.513,853014.3129,615754.1973,500705.7173,270294.2099,234826.0153,234280.7063,210182.2816,175462.9916,161084.9873,82122.78848,55392.52259,32688.2613,20009.27976,15983.88103,8294.776486,7443.200742,2836.823398,2152.646603,1876.284343,975.0427989,0,0,0,0,0,0,0,0,0,0,0,0,0,0,0,0,0,0,0,0,0,0,0,0,0,0,0,0,0,0,0,0,0,0,0,0,0,0
2005,7,1,2,50,0,0,51440.99471,253730.5933,484159.2612,770087.5575,1299436.005,1746133.351,1613609.396,1328496.682,1048608.143,1019425.128,679024.8373,595369.8279,308866.6367,252457.1068,189753.706,130030.4241,108976.8218,74339.03407,41892.43099,42837.07298,39376.65019,45920.69201,40858.82631,28024.52242,18723.698,11902.64873,12448.54598,9882.205997,5251.032759,2861.011302,2209.679698,1252.418888,613.8099835,699.9957295,105.5669199,418.7160307,0,0,0,0,0,0,0,0,0,0,0,0,0,0,0,0,0,0,0,0,0,0,0,0,0,0,0,0,0,0,0,0,0,0,0,0,0,0
2006,7,1,2,50,0,245350.486,749611.6245,1949159.198,4474932.056,5201534.995,6114320.153,11196698.59,10875672.08,9982379.336,8392961.22,6830605.605,4858010.653,3183116.926,2786239.314,1951341.2,1464561.204,1065808.965,726572.2426,552235.7016,322443.3444,323179.9966,276461.1634,212442.7155,169173.1618,71076.93662,88827.47507,38824.83932,51588.1641,40794.67484,30202.96385,27765.03622,19248.57916,15028.51899,6695.11671,4879.328752,2472.396342,3150.266812,0,0,0,0,0,0,0,0,0,0,0,0,0,0,0,0,0,0,0,0,0,0,0,0,0,0,0,0,0,0,0,0,0,0,0,0,0,0
2007,7,1,2,50,0,7289.0807,133862.2506,470609.4748,1181234.045,2598668.114,4323793.921,5191192.3,4875517.496,5121033.323,4731926.832,4296282.108,2904993.381,2205191.586,1253061.298,940337.6185,827736.6595,573450.0938,482055.6979,379093.1022,352608.0209,250269.1076,114375.4803,117610.9386,110339.8138,77942.77753,51192.36343,61393.13935,47210.87263,30866.05649,22038.25662,20645.57445,19762.21153,12786.30069,9275.358123,5727.984832,5218.538229,2970.586775,0,0,0,0,0,0,0,0,0,0,0,0,0,0,0,0,0,0,0,0,0,0,0,0,0,0,0,0,0,0,0,0,0,0,0,0,0,0
2008,7,1,2,50,0,100714.765,172669.1354,1027447.492,2293514.692,4614928.598,6717403.164,5735500.008,6863824.269,5778931.615,5646048.063,4894843.829,3838161.051,2790701.767,2151401.714,1646408.921,1138894.392,1011072.838,750129.3707,730487.8752,529638.545,401186.7839,293281.1274,243956.3583,202534.8219,154487.6088,96349.73167,79915.45227,55858.58873,34877.78334,26136.80355,15661.98323,11454.44039,8495.228333,3624.846841,2170.785438,1746.276889,1708.166533,0,0,0,0,0,0,0,0,0,0,0,0,0,0,0,0,0,0,0,0,0,0,0,0,0,0,0,0,0,0,0,0,0,0,0,0,0,0
2009,7,1,2,50,0,0,6945.053292,487658.8504,1458516.058,1319107.848,2336521.454,3407303.795,5147285.431,6783390.809,5658332.955,5051934.973,3947805.7,3256814.047,2997404.797,3061199.39,2222212.17,1927586.062,1494016.006,1028705.257,851513.3244,585654.3604,341408.6464,255191.66,197249.3051,143379.6599,84159.66153,58005.15916,57158.48983,36422.34601,21567.84427,21858.86614,8040.971658,5078.930782,8277.895115,2808.857103,2888.347928,1574.344974,0,0,0,0,0,0,0,0,0,0,0,0,0,0,0,0,0,0,0,0,0,0,0,0,0,0,0,0,0,0,0,0,0,0,0,0,0,0
2010,7,1,2,50,0,64329.41804,676365.2978,1199560.548,2183078.557,2619709.394,2711824.216,2290812.52,2519025.77,2084424.25,1804972.418,1509013.201,1132351.384,1196178.848,1029169.708,1032651.285,1182775.66,926674.1134,831556.9025,837699.4273,543592.4442,517259.4252,300223.2331,197208.9276,145520.3173,131576.2652,112279.1305,62796.67904,38001.24149,32636.02512,23602.29218,23081.20507,10500.79019,5593.963135,7668.572811,3463.452501,4170.760533,1401.078299,0,0,0,0,0,0,0,0,0,0,0,0,0,0,0,0,0,0,0,0,0,0,0,0,0,0,0,0,0,0,0,0,0,0,0,0,0,0
2011,7,1,2,50,0,0,0,0,2001.883622,5915.936823,121772.3564,221475.0581,582056.5604,857710.7451,1079768.574,940137.1911,1094450.537,1084801.457,1373895.038,1365777.482,1443098.827,1356982.638,1258293.256,883645.0376,663118.0507,418675.5807,357591.6334,232243.234,170094.9134,108924.9558,114264.2962,69893.56757,62443.06921,46078.49235,36758.49938,24980.64628,12962.70357,11488.24603,7277.099025,4429.034846,3724.182399,3181.921754,0,0,0,0,0,0,0,0,0,0,0,0,0,0,0,0,0,0,0,0,0,0,0,0,0,0,0,0,0,0,0,0,0,0,0,0,0,0
2012,7,1,2,50,0,0,2552.772337,10748.63217,32678.1551,106074.6231,270635.3883,337695.5239,417911.7421,584603.4012,1022123.223,957080.5409,778029.8454,1287840.65,1799568.796,1795403.458,1583410.261,1065833.534,807592.2795,743191.1828,500300.3912,348951.0276,247905.8518,172452.7452,122397.0022,84172.58072,75686.6523,47128.50802,43439.20789,26549.6483,23133.0522,14357.41844,11623.17445,7465.671286,3264.634317,3306.52141,2387.685537,1392.817419,0,0,0,0,0,0,0,0,0,0,0,0,0,0,0,0,0,0,0,0,0,0,0,0,0,0,0,0,0,0,0,0,0,0,0,0,0,0
2013,7,1,2,50,3153.337424,0,0,0,401.1181628,13444.50212,40433.60054,130597.6974,313912.405,424444.5556,618113.4502,717079.9035,856278.2862,1057909.487,1206481.7,1041466.452,1355922.78,970756.6463,949309.7349,928927.7206,566620.207,678611.6239,444106.9362,295706.7924,163587.0579,99745.41784,84710.11369,63506.43736,37344.48574,41735.81751,26110.76723,17058.46163,10199.13101,9501.753739,6614.708822,3174.047573,2420.552347,1290.862619,0,0,0,0,0,0,0,0,0,0,0,0,0,0,0,0,0,0,0,0,0,0,0,0,0,0,0,0,0,0,0,0,0,0,0,0,0,0
2014,7,1,2,50,0,0,4230.647388,20094.46294,22388.47328,19346.35161,195003.4836,502142.1076,813297.8448,699530.0571,744177.2519,657420.8058,461617.3102,462849.5808,553257.5519,622962.2597,655216.5519,555076.5615,498155.5779,454820.6471,415601.0893,369508.3801,309695.7603,204830.5896,176043.3267,111902.5381,87235.74222,60397.88001,41586.32133,34800.23133,27428.89877,20037.40738,13129.44097,10524.81811,6515.500607,4739.347354,2765.090166,1646.315837,0,0,0,0,0,0,0,0,0,0,0,0,0,0,0,0,0,0,0,0,0,0,0,0,0,0,0,0,0,0,0,0,0,0,0,0,0,0
2015,7,1,2,50,0,0,0,0,2810.792893,92621.22369,197725.3039,237067.5072,330678.5511,443453.5528,377855.5337,423471.7885,493688.2272,473505.5331,487636.4531,597531.4621,584684.0584,473850.5419,458374.3896,433898.4409,318990.893,220983.4786,204996.9463,140026.8802,93067.00235,77221.83577,61716.6134,43101.27646,34346.1653,22678.58476,16796.01661,12860.6197,7653.685259,5738.084555,3702.422698,2567.692246,1470.594601,1035.316631,0,0,0,0,0,0,0,0,0,0,0,0,0,0,0,0,0,0,0,0,0,0,0,0,0,0,0,0,0,0,0,0,0,0,0,0,0,0
2016,7,1,2,50,0,381.840765,0,57.09075515,5142.616594,82302.62578,218220.885,306060.5726,499511.4843,637642.1956,791698.2619,876438.7371,936479.6756,986933.8158,1175967.838,953413.4733,1051446.427,871649.136,535952.3367,578602.3024,321915.5891,310874.8734,214075.7345,163359.812,113457.31,64859.01505,46224.87083,34502.90263,26706.91493,19082.66743,11578.00553,7895.523298,5593.656796,3989.87088,2776.21794,1743.173949,1078.621043,830.2538033,0,0,0,0,0,0,0,0,0,0,0,0,0,0,0,0,0,0,0,0,0,0,0,0,0,0,0,0,0,0,0,0,0,0,0,0,0,0
2017,7,1,2,50,0,0,0,0,0,3615.994972,11490.07055,31980.46158,87275.45298,144361.0181,239302.9439,314607.8742,457714.3786,647865.148,794113.4596,878245.7639,976989.0631,852126.8429,626966.8829,438029.2885,327289.8758,277457.5319,204982.8,152914.8077,106047.4016,77188.66626,55655.8125,35496.59901,27683.11898,21215.61512,16668.81477,9964.220058,6232.522239,3503.213936,3239.451028,1368.71883,974.8463324,676.0977693,0,0,0,0,0,0,0,0,0,0,0,0,0,0,0,0,0,0,0,0,0,0,0,0,0,0,0,0,0,0,0,0,0,0,0,0,0,0
2018,7,1,2,50,0,0,0,0,3039.155914,3521.09086,19917.25916,52295.13172,114729.4333,198844.1344,296740.6922,483029.3091,604712.6929,788978.666,1165577.969,1440121.077,1525093.135,1246737.46,1003566.956,765200.9253,572597.0667,444212.3948,342233.8479,215446.2204,154036.2693,86804.60604,71908.82314,48832.4837,44693.38093,25573.02782,18669.26403,14626.51396,8007.650363,6177.983531,4333.050587,2511.997859,1440.387199,1061.393713,0,0,0,0,0,0,0,0,0,0,0,0,0,0,0,0,0,0,0,0,0,0,0,0,0,0,0,0,0,0,0,0,0,0,0,0,0,0
2019,7,1,2,50,0,0,0,0,0,0,1187.042844,4808.227885,15668.81725,36440.95487,40655.29061,61283.58918,96378.83339,123409.4524,245310.8556,288245.0842,359180.6947,417914.5242,387087.6237,386878.1613,306335.851,265056.5723,217908.206,162044.5227,125849.6676,70720.85947,45422.81312,39474.68411,26764.81313,25373.94795,22069.03126,13904.9761,7359.161678,5588.031552,4254.842969,1893.680131,1467.559407,1242.780057,0,0,0,0,0,0,0,0,0,0,0,0,0,0,0,0,0,0,0,0,0,0,0,0,0,0,0,0,0,0,0,0,0,0,0,0,0,0
2020,7,1,2,50,0,0,0,0,0,1082.500033,5286.826358,32785.66366,63350.71938,84175.1284,154603.2478,175631.9231,248964.2567,285889.7415,451594.2471,478852.9004,440304.8632,443529.2335,349875.2781,302524.451,239256.2691,196043.8506,143359.7001,115045.0687,90210.11217,50853.56102,39215.29435,41293.71114,25777.08705,16568.91263,12056.96639,5080.708994,4123.624727,3749.882263,1869.924537,1552.396716,1000.197425,356.6182145,0,0,0,0,0,0,0,0,0,0,0,0,0,0,0,0,0,0,0,0,0,0,0,0,0,0,0,0,0,0,0,0,0,0,0,0,0,0
2021,7,1,2,50,0,0,0,0,0,0,1117.347637,4509.428218,10024.98832,15361.86177,39884.1947,97233.71184,172824.096,282543.6301,517084.0389,857279.8006,1031202.884,860660.2099,680414.0202,518278.1647,367190.1882,287248.5174,213726.7921,155931.2544,104571.6067,70048.8056,51843.2289,32514.64157,26438.88369,19774.3957,11186.43488,7493.921667,5317.201343,3839.336938,1792.065476,1490.366161,1080.413252,615.1884844,0,0,0,0,0,0,0,0,0,0,0,0,0,0,0,0,0,0,0,0,0,0,0,0,0,0,0,0,0,0,0,0,0,0,0,0,0,0
2022,7,1,2,50,0,0,0,0,0,478.9691926,3335.731265,1740.155875,3538.885381,10768.65101,18726.50913,43878.32324,95411.99775,121587.7383,274932.4628,438006.4851,671776.9297,665826.3972,580770.0267,462360.6748,370483.1794,271813.4853,190636.0827,136265.6024,106847.3133,76541.36576,61863.7475,45683.28935,29124.81307,20358.32371,13907.79228,11284.71761,6956.163864,5371.395201,3268.904148,1913.380822,1219.251674,889.421478,0,0,0,0,0,0,0,0,0,0,0,0,0,0,0,0,0,0,0,0,0,0,0,0,0,0,0,0,0,0,0,0,0,0,0,0,0,0
2023,7,1,2,50,0,0,0,0,0,7864.436882,11286.91644,12931.42676,15847.5039,13715.86857,20637.93727,47222.95177,66974.87017,141299.619,267996.9188,420852.9945,546845.7813,507156.6363,406679.8788,298457.0989,223328.3889,156579.6362,103612.2987,76366.47113,56816.49646,37318.42092,27898.24759,21667.6867,17924.82314,11591.08385,7772.892337,6043.88037,4091.841842,2919.834792,1894.36714,1408.652664,1054.368402,613.3291979,0,0,0,0,0,0,0,0,0,0,0,0,0,0,0,0,0,0,0,0,0,0,0,0,0,0,0,0,0,0,0,0,0,0,0,0,0,0
2003,5,2,1,50,6.981163779,6.464040536,9.334074534,11.42842367,30.74297679,56.7542759,73.50906897,76.84451389,78.4734521,61.7445152,45.11900294,33.92328473,24.48578555,17.22020399,6.938587969,4.292506384,4.79908692,6.988309678,4.60249972,3.965109859,2.33202894,2.871265399,1.517617278,0.989141923,0.778984708,1.504932696,1.504590128,0.908971336,0.256792385,0.176229269,1.082763278,1.195916643,0.186907154,0.851906089,2.77364786,1.446754889,0.388437358,0.292939418,0.6,0.1,1.1,0.5,0,0.1,0.2,0,0.2,0,0,0,0,0.2,0.1,0,0,0,0,0,0,0,0,0,0.2,0,0,0,0,0,0,0,0,0,0,0,0,0
2004,5,2,1,50,1.137671134,6.231335076,37.23287349,117.6713939,197.6186473,216.5195018,161.2648833,124.9111193,80.33509578,56.72841974,39.92191435,22.49486106,16.23766983,5.248800915,4.242570355,4.810567499,3.873961731,2.922994913,3.403529205,0.837078748,2.083940755,1.104332846,0.121409382,0.13188559,1.699603,1.88116587,1.979723852,1.15687261,1.112767001,12.776622,0.27069082,0.827942291,2.336339419,0.757249857,0,1.350304563,0.971093395,0.878818255,0.3,0.5,0.5,0,0,0,0,0.4,0,1.4,0.1,0.1,0.1,0.1,0.1,0.1,0.1,0.1,0.1,0.1,0.1,0.1,0.1,0.1,0.1,0.1,0.1,0.1,0.1,0.1,0,0,0.106034,0.106034,0,0,0,0
2005,5,2,1,50,5.352225564,23.73595685,56.9611252,118.6022157,150.3535829,173.2104302,138.0460497,73.50906897,45.37756456,29.55359333,23.94280614,26.24400457,15.46198496,13.83304675,4.994947363,3.207044999,1.99480119,2.452627916,0.850882301,0.748965196,1.091588014,0.71781635,1.517617278,1.450741486,0.354083958,1.279192791,0.39594477,0,0.855974616,0.704917076,0.902302732,0.919935879,0.747628614,0,0.860787267,0.48225163,0.679765377,0,0,0,0,0,0.3,0,0.1,0,0,0,0.1,0,0,0,0,0,0,0,0,0,0,0,0,0,0,0,0,0,0,0,0,0,0,0,0,0,0,0
2006,5,2,1,50,1.835787512,34.10427787,114.1549559,203.2035783,325.3222321,268.2059699,229.2665897,154.9042674,84.70478718,39.27551029,27.0455456,5.016095456,4.085273619,4.524828375,6.102613515,5.476646076,5.579661298,5.140439331,2.359264562,4.009166635,5.011381339,3.920381603,5.038489362,9.100105688,9.347816501,2.784125487,0.791889541,2.809547766,3.252703542,4.053273187,2.165526557,5.059647334,0.467267884,6.625936246,0.956430296,1.736105866,2.233514809,0.781171782,0.6,0,0,0.4,0,0,0.3,0,0,0,0.2,0,0,0,0.2,0,0,0,0.4,0,0,0,0.2,0,0,0,0,0,0,0,0,0,0,0,0,0,0,0
2007,5,2,1,50,0.310273946,3.361301079,31.77722327,90.85855377,83.41197907,67.58800784,51.29862569,26.24400457,19.44383393,9.41164302,8.816951291,6.722602157,3.051027133,3.774999673,2.089936135,1.924227,1.503328433,1.276710422,1.508382261,1.938498153,1.736617296,2.871265399,1.214093822,1.978283845,0.920618292,1.128699522,1.267023266,1.15687261,0.855974616,0.528687807,0.360921093,1.655884582,0.560721461,0.283968696,0.669501208,0.192900652,0.388437358,0.292939418,1,0.4,0,0,0.2,0.4,0.5,0,0,0,0,0,0.4,0,0,0,0.1,0,0,0,0,0,0,0,0,0,0,0,0,0,0,0,0,0,0,0,0,0
2008,5,2,1,50,1.396232756,5.274657077,13.41934815,38.34468846,75.93954821,69.99263092,72.9402334,66.63132984,43.74862635,29.88972344,24.14965544,18.61643674,10.49760183,8.842807453,4.075375464,3.577088653,2.688645082,1.612686849,2.049852817,0.528681315,2.580117125,0.773032992,2.367482953,2.17611223,1.912053375,0.601973078,0.316755816,0,0.684779693,0,0.180460546,0.367974352,0.560721461,0.567937392,0.286929089,0,0,0.292939418,0,0.2,0,0,0.3,0.6,0,0.8,0,0,0,0,0,0.1,0,0,0,0,0,0,0.2,0,0,0,0,0,0,0,0,0,0,0,0,0,0,0,0,0
2009,5,2,1,50,0.103424649,0.336130108,11.50599215,48.32516704,97.42601895,126.3073521,103.3470801,74.02619221,37.10359267,16.47037528,19.0559915,12.0231154,11.50599215,8.920375939,3.970878657,3.552419076,2.919926379,2.7550067,4.022352697,4.581904726,5.110616613,4.859064522,1.214093822,3.626853716,2.053686959,2.934618757,1.425401174,0.74370382,2.739118773,1.233604883,0.541381639,0.459967939,1.027989344,1.041218553,0.286929089,0.964503259,0.582656037,0.292939418,0.3,0.3,0,0,0.3,0,0,0.1,0.4,0,0,0,0,0.3,0,0,0,0,0,0.1,0.3,0,0,0,0,0,0,0,0,0,0,0,0,0,0,0,0,0
2010,5,2,1,50,0,0.72397254,15.82397123,66.01078195,128.0914273,147.8455351,133.5470775,83.10170513,61.95136449,34.87996273,23.45153906,17.58219026,12.25582086,5.42979405,3.114004842,1.99823573,1.73460973,1.545491563,1.237646984,0.9251923,1.240440925,3.423431822,2.549597026,1.714512666,1.416335833,0.827712983,0.633511633,0.826337578,1.883144156,0,0.360921093,2.023858934,0.373814307,0,0.382572119,0,0.388437358,0.976464728,0.2,0,0.4,0.2,0,0,0.4,0,0.5,0,0,0,0,0,0,0,0,0,0,0,0,0,0,0,0,0,0,0,0,0,0,0,0,0,0,0,0,0
2011,5,2,1,50,0,0.310273946,1.370376594,6.800170644,12.66951945,28.7520523,39.27551029,44.9380098,36.30205165,26.91626479,13.67790977,11.84212226,6.102054266,6.024485779,3.343897816,3.996471461,4.654536109,5.711599256,7.000440751,4.714075055,4.118263873,3.699515033,2.488892335,2.373940614,1.982870167,2.633632218,1.662968036,2.231111461,1.198364463,0.264343904,0.360921093,0.183987176,0.934535768,1.135874785,0.382572119,0,0.679765377,0.878818255,0.2,0.3,0,0,0,0,0,0,0,0.3,0,0,0,0,0,0,0,0,0,0,0,0,0,0,0,0,0,0,0,0,0,0,0,0,0,0,0,0
2012,5,2,1,50,0.103424649,1.008390324,2.378766917,7.498287021,18.66814907,41.16301013,47.31677672,49.69554364,42.24896894,37.98270219,41.13715397,28.44177836,19.0559915,8.480821183,3.86638185,2.269601076,1.272047135,1.075124566,1.624411666,1.27764651,1.240440925,0.773032992,0.424932838,0.791313538,1.416335833,0.677219713,0.950267449,0.247901273,0,0,0.360921093,0.367974352,0.373814307,0.662593625,0,0.48225163,0.09710934,0.195292946,1.8,0.2,0.1,0,0,0,0,0.3,0,0,0,0.5,0.2,0,0,0,0,0,0,0,0.2,0,0,0,0,0,0,0,0,0,0,0,0,0,0,0,0,0
2013,5,2,1,50,0.517123243,1.008390324,3.6198627,9.877053939,23.39982674,37.155305,44.23989343,44.62773586,45.42927688,37.155305,30.71712063,21.74503236,15.38441647,12.22996469,7.607367532,6.56210746,4.943637731,3.930924194,2.204558689,3.700769202,3.522852228,2.043015765,3.338758011,2.835540178,1.133068667,1.279192791,1.108645357,1.15687261,1.455156848,0.96926098,0.360921093,2.115852522,0.747628614,1.041218553,1.434645445,0.578701955,0.291328019,0.097646473,0.1,0,0,0.5,0,0,0,0.1,0,0,0,0,0,0,0,0,0,0,0,0,0,0,0,0,0,0,0,0,0,0,0,0,0,0,0,0,0,0
2014,5,2,1,50,0,0.698116378,3.645718862,7.96369794,16.88407388,26.34742922,31.72551095,28.46763452,26.58013468,13.7296221,8.092978751,7.549999346,3.723287349,5.274657077,2.570621446,1.899557423,3.353578812,1.209515137,1.701764602,1.497930391,1.935087844,2.208665692,2.124664189,2.439883409,1.982870167,2.182152409,2.296479669,2.231111461,2.396728926,1.674178056,1.533914644,1.195916643,1.121442921,0.47328116,0.669501208,0.385801304,0.388437358,0.292939418,0.5,0.3,0.5,0.2,0.2,0,0.2,0,0.3,0,0,0,0.1,0,0.1,0,0,0,0,0,0,0,0,0,0,0,0,0,0,0,0,0,0,0.148396,0,0,0,0
2015,5,2,1,50,0.387842432,8.68767048,21.35718993,28.13150441,33.97499706,38.13783916,30.53612749,24.95119647,18.95256685,12.85051258,8.118834913,6.51575286,4.266266754,2.921746322,1.316659765,0.666078577,0.66493373,0.067195285,1.005588174,0.793021972,0.942735103,1.546065984,1.09268444,0.791313538,0.637351125,1.053452887,0.950267449,0.991605094,0.770377155,1.233604883,0.992533005,1.471897406,0.654175037,0.662593625,0.382572119,0.192900652,0.388437358,0.292939418,0,0.2,0.3,0.2,0.2,0,0,0,0.3,0,0.3,0,0,0,0,0.2,0,0,0.1,0,0,0,0,0,0,0,0,0,0,0,0,0,0,0,0,0,0,0
2016,5,2,1,50,0.413698594,2.456335404,10.05804707,31.05325073,52.82413926,60.11557698,49.7213998,40.30975678,27.35581955,15.77225891,9.178937561,7.911985616,4.938526969,3.438869565,2.403426556,1.406165884,0.867304865,1.041526923,1.082941111,1.057362629,1.786234933,1.656499269,2.792415791,1.91234105,2.620221292,0.752466348,1.504590128,0.578436305,0.342389847,0.793031711,0.451151366,1.195916643,0.28036073,0.851906089,0.286929089,0.289350978,0.194218679,0,0.6,0,0,0.2,0.1,0,0.2,0,0.1,0,0,0.1,0,0,0.2,0,0,0,0,0,0,0,0,0,0,0,0,0,0,0,0,0,0,0,0,0,0,0
2017,5,2,1,50,0.594691729,3.594006538,17.01335469,35.21609284,40.38732527,31.51866165,29.01061392,22.15873096,17.40119712,13.10907421,8.610101994,4.447259889,3.438869565,2.17191762,1.651049547,1.430835461,1.965891027,1.310308065,2.746029245,2.90774723,3.473234591,2.705615472,3.338758011,1.714512666,1.982870167,2.031659139,1.979723852,1.90057643,1.883144156,2.379095132,1.624144918,1.379903818,0.654175037,0.851906089,0.956430296,0.289350978,0.09710934,0,0.5,0.3,0.2,0,0.2,0,0,0.3,0,0,0,0,0.1,0,0,0.1,0,0,0,0,0,0.2,0,0,0,0,0,0,0,0,0,0,0,0,0,0,0,0
2018,5,2,1,50,2.301198431,2.870033998,3.826711997,8.118834913,8.661814318,9.437499182,15.2292795,19.62482707,17.99588885,14.94486172,17.63390258,12.92808107,12.22996469,9.825341614,4.827752473,4.119819345,3.498129622,2.419030273,2.243235158,1.145476182,1.538146748,1.4356327,2.246073571,2.110169435,1.345519042,2.106905774,0.712700587,1.15687261,0.256792385,0.704917076,0.180460546,1.287910231,0.934535768,0.567937392,0.573858178,0.48225163,0,0.195292946,0.3,0.5,0,0,0,0,0,0,0,0,0,0,0,0,0.2,0,0,0,0,0,0,0,0,0,0,0,0,0,0,0,0,0,0,0,0,0,0,0
2019,5,2,1,50,0.568835567,2.301198431,7.911985616,17.40119712,29.86386727,29.9155796,19.96095717,13.34177967,7.782704805,3.723287349,1.758219026,1.060102648,0.982534161,0.801541026,0.45978595,0.345374077,0.693843892,0.436769355,1.121617579,1.189532958,1.587764385,2.816048757,2.974529864,1.91234105,2.266137334,2.332645679,1.187834311,2.313745219,1.968741618,1.409834152,1.172993552,1.563890994,1.214896498,3.407624355,0.956430296,0.385801304,0.291328019,0.585878837,0.8,0.2,0.3,0,0.1,0,0,0,0,0.1,0,0,0,0.1,0,0,0,0,0.1,0.1,0,0,0,0,0.1,0,0,0,0,0.1,0,0,0,0,0,0,0,0
2020,5,2,1,50,1.266951945,2.508047728,6.15376659,17.65975874,26.19229225,29.11403857,24.87362798,17.53047793,11.73869761,8.894519777,6.670889833,4.059417456,2.559760052,2.223629944,1.462955295,1.554183346,1.503328433,1.243112779,1.856470475,1.894441377,2.034323118,2.539965545,2.124664189,2.505826204,1.770419792,2.106905774,0.633511633,1.735308914,0.684779693,1.497948787,0.721842186,0.827942291,0.654175037,1.419843481,0.765144237,0.48225163,0.485546698,0.390585891,0.6,0.2,0.2,0.1,0.1,0,0,0.1,0,0.1,0,0,0,0,0.1,0,0,0,0,0,0,0,0,0,0.1,0,0,0,0,0,0,0,0,0,0,0,0,0
2021,5,2,1,50,0,0.206849297,3.361301079,18.22859431,55.51318012,94.45256031,103.6314979,75.62927427,52.66900228,28.67448382,19.0559915,11.11814972,8.635958156,7.60171167,4.597859498,3.478410345,2.717555244,2.083053846,2.436617499,1.718214272,1.935087844,1.490849342,0.667751602,1.384798692,0.991435083,0.902959618,0.791889541,0.413168789,0.427987308,0.793031711,0.541381639,0.183987176,0.093453577,0.378624928,0.191286059,0.096450326,0.194218679,0.097646473,0.1,0,0,0,0.1,0.2,0,0.1,0,0.1,0.1,0,0.1,0,0,0,0.3,0,0,0,0,0,0,0,0,0,0,0,0,0,0,0,0,0,0,0,0,0
2022,5,2,1,50,0.051712324,2.042636809,2.456335404,6.024485779,13.34177967,27.51095652,33.19931219,31.44109317,27.89879895,21.5123269,14.86729323,12.0231154,8.584245831,4.731677672,1.943640606,1.652861654,1.272047135,1.444698635,2.552646904,2.995860782,2.679352399,3.86516496,2.549597026,3.363082537,2.761854875,1.655425965,1.900534898,1.404773883,1.455156848,1.321719518,0.812072459,0.459967939,0.467267884,0.094656232,0.382572119,0.385801304,0.09710934,0,0.1,0,0.1,0.1,0,0,0,0,0,0,0,0,0,0,0,0.1,0,0,0,0,0,0,0,0,0,0,0,0,0,0,0,0,0,0,0,0,0,0
2023,5,2,1,50,0.180993135,2.663184701,9.540923831,18.33201896,21.12448447,25.28732658,22.62414187,22.44314874,18.04760118,11.32499902,7.084588427,4.007705132,3.438869565,2.611472376,1.755546354,1.307487577,1.387687784,1.679882134,1.740441071,1.850384601,1.984705481,1.766932553,1.63902666,1.648569871,1.770419792,1.429686061,1.267023266,1.570041399,1.198364463,0.96926098,1.894835737,0.735948703,1.121442921,0.662593625,1.052073326,0.192900652,0.291328019,0.585878837,0.3,0.5,0.3,0.1,0.1,0.1,0.1,0,0,0.1,0.1,0,0,0,0.1,0,0,0,0,0,0,0,0,0,0,0,0,0,0,0,0,0,0,0,0,0,0,0
2003,5,2,2,50,20.01883622,18.53595946,26.76592547,32.77157633,88.15702321,162.7457241,210.790931,220.3554861,225.0265479,177.0554848,129.3809971,97.27671527,70.21421445,49.37979601,26.26141203,13.10749362,11.80091308,13.81169032,7.29750028,5.034890141,2.36797106,2.328734601,0.982382722,0.510858077,0.321015292,0.495067304,0.395409872,0.191028664,0.043207615,0.023770731,0.117236722,0.104083357,0.013092846,0.048093911,0.12635214,0.053245111,0.011562642,0.007060582,0,0,0,0,0,0,0,0,0,0,0,0,0,0,0,0,0,0,0,0,0,0,0,0,0,0,0,0,0,0,0,0,0,0,0,0,0,0
2004,5,2,2,50,3.262328866,17.86866492,106.7671265,337.4286061,566.6813527,620.8804982,462.4351167,358.1888807,230.3649042,162.6715803,114.4780857,64.50513894,46.56233017,15.05119909,16.05742965,14.6894325,9.526038269,5.777005087,5.396470795,1.062921252,2.116059245,0.895667154,0.078590618,0.06811441,0.700397,0.61883413,0.520276148,0.24312739,0.187232999,1.723377997,0.02930918,0.072057709,0.163660581,0.042750143,0,0.049695437,0.028906605,0.021181745,0,0,0,0,0,0,0,0,0,0,0,0,0,0,0,0,0,0,0,0,0,0,0,0,0,0,0,0,0,0,0,0,0,0,0,0,0,0
2005,5,2,2,50,15.34777444,68.06404315,163.3388748,340.0977843,431.1464171,496.6895698,395.8539503,210.790931,130.1224354,84.74640667,68.65719386,75.25599543,44.33801504,39.66695325,18.90505264,9.792955001,4.90519881,4.847372084,1.349117699,0.951034804,1.108411986,0.58218365,0.982382722,0.749258514,0.145916042,0.420807209,0.10405523,0,0.144025384,0.095082924,0.097697268,0.080064121,0.052371386,0,0.039212733,0.01774837,0.020234623,0,0,0,0,0,0,0,0,0,0,0,0,0,0,0,0,0,0,0,0,0,0,0,0,0,0,0,0,0,0,0,0,0,0,0,0,0,0,0
2006,5,2,2,50,5.264212488,97.79572213,327.3450441,582.6964217,932.8777679,769.0940301,657.4334103,444.1957326,242.8952128,112.6244897,77.5544544,14.38390454,11.71472638,12.97517163,23.09738648,16.72335392,13.7203387,10.15956067,3.740735438,5.090833365,5.088618661,3.179618397,3.261510638,4.699894312,3.852183499,0.915874513,0.208110459,0.590452234,0.547296458,0.546726813,0.234473443,0.440352666,0.032732116,0.374063754,0.043569704,0.063894134,0.066485191,0.018828218,0,0,0,0,0,0,0,0,0,0,0,0,0,0,0,0,0,0,0,0,0,0,0,0,0,0,0,0,0,0,0,0,0,0,0,0,0,0
2007,5,2,2,50,0.889726054,9.638698921,91.12277673,260.5414462,239.1880209,193.8119922,147.1013743,75.25599543,55.75616607,26.98835698,25.28304871,19.27739784,8.748972867,10.82500033,7.910063865,5.875773,3.696671567,2.523289578,2.391617739,2.461501847,1.763382704,2.328734601,0.785906178,1.021716155,0.379381708,0.371300478,0.332976734,0.24312739,0.144025384,0.071312193,0.039078907,0.144115418,0.039278539,0.016031304,0.030498792,0.007099348,0.011562642,0.007060582,0,0,0,0,0,0,0,0,0,0,0,0,0,0,0,0,0,0,0,0,0,0,0,0,0,0,0,0,0,0,0,0,0,0,0,0,0,0
2008,5,2,2,50,4.003767244,15.12534292,38.48065185,109.9553115,217.7604518,200.7073691,209.1597666,191.0686702,125.4513737,85.71027656,69.25034456,53.38356326,30.10239817,25.35719255,15.42462454,10.92291135,6.611354918,3.187313151,3.250147183,0.671318685,2.619882875,0.626967008,1.532517047,1.12388777,0.787946625,0.198026922,0.083244184,0,0.115220307,0,0.019539454,0.032025648,0.039278539,0.032062608,0.013070911,0,0,0.007060582,0,0,0,0,0,0,0,0,0,0,0,0,0,0,0,0,0,0,0,0,0,0,0,0,0,0,0,0,0,0,0,0,0,0,0,0,0,0
2009,5,2,2,50,0.296575351,0.963869892,32.99400785,138.574833,279.373981,362.1926479,296.3529199,212.2738078,106.3964073,47.22962472,54.6440085,34.4768846,32.99400785,25.57962406,15.02912134,10.84758092,7.180073621,5.4449933,6.377647303,5.818095274,5.189383387,3.940935478,0.785906178,1.873146284,0.846313041,0.965381243,0.374598826,0.15629618,0.460881227,0.166395117,0.058618361,0.040032061,0.072010656,0.058781447,0.013070911,0.035496741,0.017343963,0.007060582,0,0,0,0,0,0,0,0,0,0,0,0,0,0,0,0,0,0,0,0,0,0,0,0,0,0,0,0,0,0,0,0,0,0,0,0,0,0
2010,5,2,2,50,0,2.07602746,45.37602877,189.289218,367.3085727,423.9544649,382.9529225,238.2982949,177.6486355,100.0200373,67.24846094,50.41780974,35.14417914,15.57020595,11.78599516,6.10176427,4.26539027,3.054508437,1.962353016,1.1748077,1.259559075,2.776568178,1.650402974,0.885487334,0.583664167,0.272287017,0.166488367,0.173662422,0.316855844,0,0.039078907,0.176141066,0.026185693,0,0.017427881,0,0.011562642,0.023535272,0,0,0,0,0,0,0,0,0,0,0,0,0,0,0,0,0,0,0,0,0,0,0,0,0,0,0,0,0,0,0,0,0,0,0,0,0,0
2011,5,2,2,50,0,0.889726054,3.929623406,19.49982936,36.33048055,82.4479477,112.6244897,128.8619902,104.0979484,77.18373521,39.22209023,33.95787774,17.49794573,17.27551422,12.65610218,12.20352854,11.44546389,11.28840074,11.09955925,5.985924945,4.181736127,3.000484967,1.611107665,1.226059386,0.817129833,0.866367782,0.437031964,0.468888539,0.201635537,0.035656096,0.039078907,0.016012824,0.065464232,0.064125215,0.017427881,0,0.020234623,0.021181745,0,0,0,0,0,0,0,0,0,0,0,0,0,0,0,0,0,0,0,0,0,0,0,0,0,0,0,0,0,0,0,0,0,0,0,0,0,0
2012,5,2,2,50,0.296575351,2.891609676,6.821233083,21.50171298,53.53185093,118.0369899,135.6832233,142.5044564,121.1510311,108.9172978,117.962846,81.55822164,54.6440085,24.31917882,14.63361815,6.930398924,3.127952865,2.124875434,2.575588334,1.62235349,1.259559075,0.626967008,0.275067162,0.408686462,0.583664167,0.222780287,0.249732551,0.052098727,0,0,0.039078907,0.032025648,0.026185693,0.037406375,0,0.01774837,0.00289066,0.004707054,0,0,0,0,0,0,0,0,0,0,0,0,0,0,0,0,0,0,0,0,0,0,0,0,0,0,0,0,0,0,0,0,0,0,0,0,0,0
2013,5,2,2,50,1.482876757,2.891609676,10.3801373,28.32294606,67.10017326,106.544695,126.8601066,127.9722641,130.2707231,106.544695,88.08287937,62.35496764,44.11558353,35.07003531,28.79263247,20.03789254,12.15636227,7.769075806,3.495441311,4.699230798,3.577147772,1.656984235,2.161241989,1.464459822,0.466931333,0.420807209,0.291354643,0.24312739,0.244843152,0.13073902,0.039078907,0.184147478,0.052371386,0.058781447,0.065354555,0.021298045,0.008671981,0.002353527,0,0,0,0,0,0,0,0,0,0,0,0,0,0,0,0,0,0,0,0,0,0,0,0,0,0,0,0,0,0,0,0,0,0,0,0,0,0
2014,5,2,2,50,0,2.001883622,10.45428114,22.83630206,48.41592612,75.55257078,90.97448905,81.63236548,76.21986532,39.3703779,23.20702125,21.65000065,10.67671265,15.12534292,9.729378554,5.800442577,8.246421188,2.390484863,2.698235398,1.902069609,1.964912156,1.791334308,1.375335811,1.260116591,0.817129833,0.717847591,0.603520331,0.468888539,0.403271074,0.225821944,0.166085356,0.104083357,0.078557079,0.02671884,0.030498792,0.014198696,0.011562642,0.007060582,0,0,0,0,0,0,0,0,0,0,0,0,0,0,0,0,0,0,0,0,0,0,0,0,0,0,0,0,0,0,0,0,0,0,0,0,0,0
2015,5,2,2,50,1.112157568,24.91232952,61.24281007,80.66849559,97.42500294,109.3621608,87.56387251,71.54880353,54.34743315,36.84948742,23.28116509,18.68424714,12.23373325,8.378253678,4.983340235,2.033921423,1.63506627,0.132804715,1.594411826,1.006978028,0.957264897,1.253934016,0.70731556,0.408686462,0.262648875,0.346547113,0.249732551,0.208394906,0.129622845,0.166395117,0.107466995,0.128102594,0.045824963,0.037406375,0.017427881,0.007099348,0.011562642,0.007060582,0,0,0,0,0,0,0,0,0,0,0,0,0,0,0,0,0,0,0,0,0,0,0,0,0,0,0,0,0,0,0,0,0,0,0,0,0,0
2016,5,2,2,50,1.186301406,7.043664596,28.84195293,89.04674927,151.4758607,172.384423,142.5786002,115.5902432,78.44418045,45.22774109,26.32106244,22.68801438,14.16147303,9.861130435,9.096573444,4.293834116,2.132695135,2.058473077,1.717058889,1.342637371,1.813765067,1.343500731,1.807584209,0.98765895,1.079778708,0.247533652,0.395409872,0.121563695,0.057610153,0.106968289,0.048848634,0.104083357,0.01963927,0.048093911,0.013070911,0.010649022,0.005781321,0,0,0,0,0,0,0,0,0,0,0,0,0,0,0,0,0,0,0,0,0,0,0,0,0,0,0,0,0,0,0,0,0,0,0,0,0,0,0
2017,5,2,2,50,1.705308271,10.30599346,48.78664531,100.9839072,115.8126747,90.38133835,83.18938608,63.54126904,49.89880288,37.59092579,24.68989801,12.75274011,9.861130435,6.22808238,6.248950453,4.369164539,4.834108973,2.589691935,4.353970755,3.69225277,3.526765409,2.194384528,2.161241989,0.885487334,0.817129833,0.668340861,0.520276148,0.39942357,0.316855844,0.320904868,0.175855082,0.120096182,0.045824963,0.048093911,0.043569704,0.010649022,0.00289066,0,0,0,0,0,0,0,0,0,0,0,0,0,0,0,0,0,0,0,0,0,0,0,0,0,0,0,0,0,0,0,0,0,0,0,0,0,0,0
2018,5,2,2,50,6.598801569,8.229966002,10.973288,23.28116509,24.83818568,27.06250082,43.6707205,56.27517293,51.60411115,42.85513828,50.56609742,37.07191893,35.07003531,28.17465839,18.27224753,12.58018065,8.601870378,4.780969727,3.556764842,1.454523818,1.561853252,1.1643673,1.453926429,1.089830565,0.554480958,0.693094226,0.187299413,0.24312739,0.043207615,0.095082924,0.019539454,0.112089769,0.065464232,0.032062608,0.026141822,0.01774837,0,0.004707054,0,0,0,0,0,0,0,0,0,0,0,0,0,0,0,0,0,0,0,0,0,0,0,0,0,0,0,0,0,0,0,0,0,0,0,0,0,0
2019,5,2,2,50,1.631164433,6.598801569,22.68801438,49.89880288,85.63613273,85.7844204,57.23904283,38.25822033,22.3172952,10.67671265,5.041780974,3.039897352,2.817465839,2.298458974,1.74021405,1.054625923,1.706156108,0.863230645,1.778382421,1.510467042,1.612235615,2.283951243,1.925470136,0.98765895,0.933862666,0.767354321,0.312165689,0.486254781,0.331258382,0.190165848,0.127006448,0.136109006,0.085103502,0.192375645,0.043569704,0.014198696,0.008671981,0.014121163,0,0,0,0,0,0,0,0,0,0,0,0,0,0,0,0,0,0,0,0,0,0,0,0,0,0,0,0,0,0,0,0,0,0,0,0,0,0
2020,5,2,2,50,3.633048055,7.191952272,17.64623341,50.64024126,75.10770775,83.48596143,71.32637202,50.26952207,33.66130239,25.50548022,19.12911017,11.64058254,7.340239948,6.376370056,5.537044705,4.745816654,3.696671567,2.456887221,2.943529525,2.405558623,2.065676882,2.060034455,1.375335811,1.294173796,0.729580208,0.693094226,0.166488367,0.364691086,0.115220307,0.202051213,0.078157814,0.072057709,0.045824963,0.080156519,0.034855763,0.01774837,0.014453302,0.009414109,0,0,0,0,0,0,0,0,0,0,0,0,0,0,0,0,0,0,0,0,0,0,0,0,0,0,0,0,0,0,0,0,0,0,0,0,0,0
2021,5,2,2,50,0,0.593150703,9.638698921,52.27140569,159.1868199,270.8474397,297.1685021,216.8707257,151.0309977,82.22551618,54.6440085,31.88185028,24.76404184,21.79828833,17.4021405,10.62158965,6.682444756,4.116946154,3.863382501,2.181785728,1.964912156,1.209150658,0.432248398,0.715201308,0.408564917,0.297040382,0.208110459,0.086831211,0.072012692,0.106968289,0.058618361,0.016012824,0.006546423,0.021375072,0.008713941,0.003549674,0.005781321,0.002353527,0,0,0,0,0,0,0,0,0,0,0,0,0,0,0,0,0,0,0,0,0,0,0,0,0,0,0,0,0,0,0,0,0,0,0,0,0,0
2022,5,2,2,50,0.148287676,5.857363191,7.043664596,17.27551422,38.25822033,78.88904348,95.20068781,90.15890683,80.00120105,61.6876731,42.63270677,34.4768846,24.61575417,13.56832233,7.356359394,5.047138346,3.127952865,2.855301365,4.047353096,3.804139218,2.720647601,3.13483504,1.650402974,1.736917463,1.138145125,0.544574035,0.499465102,0.295226117,0.244843152,0.178280482,0.087927541,0.040032061,0.032732116,0.005343768,0.017427881,0.014198696,0.00289066,0,0,0,0,0,0,0,0,0,0,0,0,0,0,0,0,0,0,0,0,0,0,0,0,0,0,0,0,0,0,0,0,0,0,0,0,0,0,0
2023,5,2,2,50,0.519006865,7.636815299,27.35907617,52.56798104,60.57551553,72.51267342,64.87585813,64.35685126,51.75239882,32.47500098,20.31541157,11.49229487,9.861130435,7.488527624,6.644453646,3.992512423,3.412312216,3.320117866,2.759558929,2.349615399,2.015294519,1.433067447,1.06097334,0.851430129,0.729580208,0.470313939,0.332976734,0.329958601,0.201635537,0.13073902,0.205164263,0.064051297,0.078557079,0.037406375,0.047926674,0.007099348,0.008671981,0.014121163,0,0,0,0,0,0,0,0,0,0,0,0,0,0,0,0,0,0,0,0,0,0,0,0,0,0,0,0,0,0,0,0,0,0,0,0,0,0
